Book,Autor,Year Released
To Kill A Moscingbird,Harper Lee,1960
A Brief History of Time,Stephen Hawking,1988
The Greath Gatsby,F.Scott Fitzgerald,1922
The Mah Who Mistook His Wife for a Hat,Oliver Sacks,1985
Pride and Predjudise,Jane Austen,1813
 къщата на призраците, Иван Петров,2023
Изгубения Символ,Дан Браун,2002
Вечерни новини,Артър Хейли,1985
Вечерни новини,Артър Хейли,1975
Летище,Артър Хейли,1970
Летище,Артър Хейли,1970
Произход,Дан Браун,2008
Шестото клеймо,Дан Браун,2005
Шифърът на Леонардо,Дан Браун,2004
Ад,Дан Браун,2004
